MAE,RMSE,R2
27.66906861157706,41.482912109263246,0.9603759004085081
