MAE,RMSE,R2
28.096620789629483,42.7943403602355,0.9578309704301348
