MAE,RMSE,R2
84.13213981394952,130.1649044674834,0.6098705443473386
