MAE,RMSE,R2
35.876736111111114,54.67587384354782,0.9311645114082732
