MAE,RMSE,R2
29.056554954565563,48.26077417377452,0.9463697893829836
