MAE,RMSE,R2
32.354115965757124,50.056756627527236,0.9423039147250081
