MAE,RMSE,R2
31.270255245092486,54.782382373690325,0.9308960673163256
