MAE,RMSE,R2
76.15461543606267,202.18199302462574,0.058748068356448524
