MAE,RMSE,R2
29.14992904663086,47.72941872796457,0.9475442171096802
